datetime_jst,pct
2026-10-07 09:00:00+09:00,0.2257148423224109
2026-10-07 09:05:00+09:00,-1.845393113396654
2026-10-07 09:10:00+09:00,-1.6009638805816262
2026-10-07 09:15:00+09:00,-1.4379406328342037
2026-10-07 09:20:00+09:00,-1.2370075148926154
2026-10-07 09:25:00+09:00,-1.3708073975005113
2026-10-07 09:30:00+09:00,-1.5351226432226703
2026-10-07 09:35:00+09:00,-1.7064476402811424
2026-10-07 09:40:00+09:00,-1.7663392916586393
2026-10-07 09:45:00+09:00,-2.2229913500889227
2026-10-07 09:50:00+09:00,-2.144412449686837
2026-10-07 09:55:00+09:00,-2.5126819226734733
2026-10-07 10:00:00+09:00,-2.414236568494304
2026-10-07 10:05:00+09:00,-2.23136570780096
2026-10-07 10:10:00+09:00,-2.316810503393675
2026-10-07 10:15:00+09:00,-2.2178492750419356
2026-10-07 10:20:00+09:00,-2.5101709304518067
2026-10-07 10:25:00+09:00,-2.57729402066145
2026-10-07 10:30:00+09:00,-2.3500535562452476
2026-10-07 10:35:00+09:00,-2.3487538891106916
2026-10-07 10:40:00+09:00,-2.472778864457419
2026-10-07 10:45:00+09:00,-2.3690346271820064
2026-10-07 10:50:00+09:00,-2.2970573685155045
2026-10-07 10:55:00+09:00,-2.2947664436611257
2026-10-07 11:00:00+09:00,-2.699226182327316
2026-10-07 11:05:00+09:00,-2.875373876687493
2026-10-07 11:10:00+09:00,-2.785829202151532
2026-10-07 11:15:00+09:00,-2.7481008973357737
2026-10-07 11:20:00+09:00,-2.955134989549708
2026-10-07 11:25:00+09:00,-2.7749895641837417
2026-10-07 11:30:00+09:00,-2.777110231260744
2026-10-07 12:30:00+09:00,-2.4185803577507485
2026-10-07 12:35:00+09:00,-2.601607471043082
2026-10-07 12:40:00+09:00,-2.670955254129036
2026-10-07 12:45:00+09:00,-2.629799340293263
2026-10-07 12:50:00+09:00,-2.5184839604882634
2026-10-07 12:55:00+09:00,-2.5913602478653552
2026-10-07 13:00:00+09:00,-2.6851656329172906
2026-10-07 13:05:00+09:00,-2.650837508293794
2026-10-07 13:10:00+09:00,-2.7500850310279206
2026-10-07 13:15:00+09:00,-2.864961672617107
2026-10-07 13:20:00+09:00,-2.8985405936266573
2026-10-07 13:25:00+09:00,-2.8779191790681815
2026-10-07 13:30:00+09:00,-2.8236026028558965
2026-10-07 13:35:00+09:00,-2.8357388809507733
2026-10-07 13:40:00+09:00,-3.0057149526864593
2026-10-07 13:45:00+09:00,-2.9194640918698482
2026-10-07 13:50:00+09:00,-2.6998379295822863
2026-10-07 13:55:00+09:00,-2.724125187327718
2026-10-07 14:00:00+09:00,-2.6245626845501024
2026-10-07 14:05:00+09:00,-2.477454479525714
2026-10-07 14:10:00+09:00,-2.4998815253777766
2026-10-07 14:15:00+09:00,-2.4433082423390577
2026-10-07 14:20:00+09:00,-2.4858352434180375
2026-10-07 14:25:00+09:00,-2.3688986966704246
2026-10-07 14:30:00+09:00,-2.329794650868928
2026-10-07 14:35:00+09:00,-2.312241847321269
2026-10-07 14:40:00+09:00,-2.2725169560733796
2026-10-07 14:45:00+09:00,-2.1458745553166705
2026-10-07 14:50:00+09:00,-2.190230347458485
2026-10-07 14:55:00+09:00,-2.0634977206805307
2026-10-07 15:00:00+09:00,-2.1701446271599454
2026-10-07 15:05:00+09:00,-2.2448460957235628
2026-10-07 15:10:00+09:00,-2.281807925041138
2026-10-07 15:15:00+09:00,-2.20235702232113
2026-10-07 15:20:00+09:00,-2.2996061919482704
2026-10-07 15:25:00+09:00,-4.244527495995731
